,Image,Title,Description
0,https://105103-veritiv-prod.s3.amazonaws.com/Damroot/xLg/10071/IMAGE_20044788_Pic%201.png,"Scotch® 311+ Clear High Tack Box Sealing Tape (48 mm. x 914 m., 6 Rolls/Case)","Here's a product description based on the image:

**Scotch® 311+ Packaging Tape**

This high-quality Scotch® 311+ packaging tape provides superior holding power and reliable sealing for a wide range of applications.  Its crystal-clear, transparent design ensures your packages look professional and allows for easy visibility of the contents.  The tape's strong adhesive ensures secure closure, even on challenging surfaces.  Ideal for shipping boxes, sealing cartons, and general packaging needs, the Scotch® 311+ is a cost-effective solution for businesses and individuals alike.  Buy in bulk and save!
"
1,https://105103-veritiv-prod.s3.amazonaws.com/Damroot/xLg/10001/IMAGE_10769391_Pic%201.png,"TUFflex® Natural Premium Bubble Mailer (9.5 in. x 14 in., 100 Mailers/CS)","Protect your valuable items during shipping with these sturdy, eco-friendly padded mailers!  Made from kraft paper, these mailers feature a built-in layer of bubble wrap cushioning to ensure safe arrival.  The self-sealing design makes packaging quick and easy, while the discreet branding maintains a professional look.  Perfect for e-commerce businesses, online sellers, and anyone needing reliable and sustainable shipping solutions.
"
2,https://105103-veritiv-prod.s3.amazonaws.com/Damroot/xLg/10115/IMAGE_10771117_Pic%201.png,"TUFflex® 63 Ga. Cast Yellow Premium Stretch Film (20 in. x 5000 ft., 50 RL/SK)","**Bright Yellow Stretch Film Roll**

This vibrant yellow stretch film roll is perfect for a variety of applications where high visibility is required.  Ideal for securing and protecting goods during transport or storage, its bright color makes it easily identifiable.  The strong, durable film provides excellent protection against dust, moisture, and damage, ensuring your products arrive safely at their destination. This roll is a cost-effective solution for keeping your shipments safe and secure.
"
3,https://105103-veritiv-prod.s3.amazonaws.com/Damroot/xLg/10126/IMAGE_11141927_Pic%201.png,"PURELL® Professional Surface Disinfecting Wipes (110 Count Canister, 6/Case)","Maintain a clean and hygienic environment with Purell Professional Surface Disinfecting Wipes. This canister contains 110 wipes, each effectively killing 99.9% of bacteria and viruses, including COVID-19, MRSA, *E. coli*, Strep, and Salmonella.  These wipes are effective against cold and flu viruses and require no rinsing.  Formulated without harsh chemicals, they offer a fresh citrus scent.  Perfect for homes, offices, and other settings requiring thorough disinfection.  Wipe dimensions: 7 in. x 8 in.
"
4,https://105103-veritiv-prod.s3.amazonaws.com/Damroot/xLg/10120/IMAGE_20051467_Pic%201.png,"Kimberly-Clark Professional™ ICON™ Cherry Blossom Dispenser (11.5 in. x 7.5 in. x 3.98 in., 1 Dispenser/Case)","Elevate your restroom with the Kimberly-Clark Professional hand towel dispenser.  This stylish dispenser features a modern, elegant off-white marble design accented with subtle gold detailing, adding a touch of sophistication to any space.  Its compact design is perfect for high-traffic areas, and the easy-to-use functionality ensures efficient hand hygiene.  Experience the perfect blend of form and function with this premium dispenser, designed for both style and performance.
"
5,https://105103-veritiv-prod.s3.amazonaws.com/Damroot/xLg/10114/IMAGE_10747123_Pic%201.png,"Reliable Brand® Translucent Black Electronic Touch Free Single Roll Towel Dispenser (14.4375 in. x 11.75 in. x 9.125 in., 1 Dispenser/CS)","Upgrade your restroom with the Reliable Pro Roll Paper Towel Dispenser.  This sleek, black dispenser boasts a modern, curved design that complements any décor.  Its durable construction ensures long-lasting performance, while the easy-to-load design makes refills quick and simple.  Experience the combination of style and efficiency with the Reliable Pro.
"
6,https://105103-veritiv-prod.s3.amazonaws.com/Damroot/xLg/10126/IMAGE_10989286_Pic%201.png,3 3/8x2 1/3 96 Bright White Showcase™ Badge Label 100 SH/BX 1000/CT V03514,"Here's a product description based on the image:

**Six-Up Blank Rectangle Labels/Stickers - Perfect for Organization and Crafting**

These convenient 6-up blank rectangle labels offer a versatile solution for a variety of organizational and crafting needs.  Each sheet provides six individual labels, ready for your personalized touch.  Simply print, write, or decorate each label with your own text, designs, or images.

**Features:**

* **Six labels per sheet:**  Maximize efficiency and minimize waste.
* **Rectangle shape:**  Ideal for various applications.
* **Blank design:**  Offers complete customization.
* **High-quality paper:**  Ensures clear printing and writing.
* **Easy to peel and stick:**  Quick and convenient application.
* **Perfect for:**  Organizing files, labeling items, crafting projects, scrapbooking, gift tags, and much more!


**Specifications:**

* **Quantity:**  One sheet (six labels per sheet).
* **Shape:** Rectangle
* **Paper type:** (Insert paper type here if known, e.g., Matte sticker paper, glossy sticker paper etc.)

**Order yours today and unleash your creativity!**
"
7,https://105103-veritiv-prod.s3.amazonaws.com/Damroot/xLg/10111/IMAGE_11107163_Pic%201.png,6 3/4 Remittance Veritiv Seville® 24# White Wove OSSS 500/Hard BX 3000/CT V04932,"Here's a product description based on the image of a self-adhesive envelope:

**Option 1 (Concise):**

> **Self-Adhesive Envelope - Secure & Convenient Mailing**

> These high-quality self-adhesive envelopes offer a secure and convenient solution for your mailing needs.  The pre-applied adhesive ensures quick and easy sealing, saving you time and effort.  Perfect for personal or business correspondence.


**Option 2 (More Detailed):**

> **Streamline Your Mailing with Self-Adhesive Envelopes**

> Say goodbye to messy glue sticks and time-consuming sealing!  Our self-adhesive envelopes are designed for efficiency and convenience.  The strong, pre-applied adhesive provides a secure closure, preventing your important documents from getting lost or damaged.  The clean, professional design makes them ideal for personal letters, invoices, or marketing materials.  Save time and enhance your mailing process with these reliable envelopes.


**Option 3 (Focus on Benefits):**

> **Time-Saving, Secure, and Professional: Self-Adhesive Envelopes**

> Experience the difference with our self-adhesive envelopes.  Key benefits include:

> * **Fast and Easy Sealing:**  Pre-applied adhesive for quick closure.
> * **Secure Closure:**  Keeps your contents safe and prevents accidental opening.
> * **Professional Appearance:**  Clean design suitable for any occasion.
> * **Cost-Effective:**  Save time and resources compared to traditional envelopes.


**Option 4 (Adding Size/Quantity details - Requires more information):**

> **[Size] Self-Adhesive Envelopes - Bulk Pack of [Quantity]**

>  Organize your mailing efficiently with this bulk pack of [Size] self-adhesive envelopes. These convenient envelopes feature a reliable, pre-applied adhesive for quick and secure sealing.  Perfect for high-volume mailing needs. [Add color or other material details if applicable]


Remember to replace the bracketed information in Option 4 with the actual size and quantity of the envelopes.  You could also add information about the material (e.g., paper weight, recycled content).
"
